customer_id,age,gender,region,segment,signup_date
CUST-1000,58,Male,North,Bronze,2021-10-09
CUST-1001,33,Male,South,Bronze,2021-04-15
CUST-1002,61,Other,North,Bronze,2022-03-09
CUST-1003,20,Male,North,Gold,2021-08-27
CUST-1004,50,Other,North,Bronze,2021-07-23
CUST-1005,63,Other,West,Gold,2022-04-05
CUST-1006,55,Female,North,Gold,2022-12-16
CUST-1007,45,Female,East,Gold,2021-08-09
CUST-1008,66,Female,North,Gold,2022-01-25
CUST-1009,24,Female,East,Bronze,2021-09-28
CUST-1010,69,Male,West,Bronze,2021-05-08
CUST-1011,42,Male,East,Bronze,2022-09-26
CUST-1012,74,Female,South,Bronze,2021-03-13
CUST-1013,20,Other,South,Silver,2021-03-23
CUST-1014,72,Male,North,Silver,2021-10-12
CUST-1015,47,Other,East,Gold,2022-01-15
CUST-1016,40,Male,East,Bronze,2023-08-18
CUST-1017,61,Other,North,Bronze,2022-10-13
CUST-1018,28,Other,South,Gold,2022-04-19
CUST-1019,42,Female,South,Bronze,2021-11-29
CUST-1020,71,Male,South,Gold,2023-04-05
CUST-1021,38,Female,East,Gold,2021-08-05
CUST-1022,54,Other,East,Gold,2022-11-03
CUST-1023,49,Female,West,Gold,2021-09-29
CUST-1024,26,Male,East,Bronze,2022-08-22
CUST-1025,45,Other,West,Silver,2021-08-13
CUST-1026,26,Other,West,Gold,2023-02-13
CUST-1027,21,Male,South,Bronze,2021-06-13
CUST-1028,68,Other,West,Bronze,2021-03-07
CUST-1029,42,Female,West,Bronze,2021-09-15
CUST-1030,53,Male,North,Bronze,2023-06-26
CUST-1031,52,Female,East,Gold,2021-10-28
CUST-1032,45,Male,West,Gold,2023-09-04
CUST-1033,64,Other,East,Bronze,2023-02-20
CUST-1034,29,Other,North,Bronze,2021-11-02
CUST-1035,71,Other,South,Gold,2022-01-18
CUST-1036,66,Male,North,Bronze,2021-11-28
CUST-1037,49,Male,North,Silver,2023-06-19
CUST-1038,71,Female,South,Gold,2021-09-04
CUST-1039,74,Other,North,Gold,2023-01-20
CUST-1040,49,Male,South,Gold,2022-11-07
CUST-1041,48,Other,South,Silver,2022-06-25
CUST-1042,73,Other,West,Gold,2023-08-10
CUST-1043,52,Other,South,Bronze,2021-11-16
CUST-1044,43,Other,East,Silver,2023-07-11
CUST-1045,51,Female,North,Gold,2021-08-19
CUST-1046,22,Female,North,Bronze,2022-07-22
CUST-1047,32,Other,South,Gold,2021-03-14
CUST-1048,63,Other,North,Gold,2021-03-11
CUST-1049,75,Male,East,Gold,2022-06-11
CUST-1050,33,Female,West,Gold,2022-07-07
CUST-1051,26,Other,West,Gold,2023-03-15
CUST-1052,48,Female,South,Gold,2021-04-10
CUST-1053,60,Female,East,Silver,2022-02-25
CUST-1054,47,Other,North,Bronze,2022-11-01
CUST-1055,59,Male,North,Silver,2023-01-16
CUST-1056,39,Male,South,Gold,2021-07-14
CUST-1057,52,Female,South,Silver,2021-07-07
CUST-1058,35,Female,South,Gold,2022-03-30
CUST-1059,69,Other,North,Gold,2022-10-30
CUST-1060,52,Male,North,Gold,2021-06-20
CUST-1061,44,Female,West,Gold,2023-06-05
CUST-1062,43,Male,South,Silver,2021-01-03
CUST-1063,42,Female,West,Silver,2022-03-10
CUST-1064,62,Other,West,Gold,2021-07-14
CUST-1065,36,Male,North,Bronze,2023-01-24
CUST-1066,52,Male,East,Gold,2021-02-21
CUST-1067,55,Female,South,Gold,2023-09-11
CUST-1068,50,Male,South,Gold,2022-09-02
CUST-1069,22,Other,South,Silver,2021-05-03
CUST-1070,74,Other,South,Bronze,2022-09-01
CUST-1071,20,Other,North,Silver,2022-11-05
CUST-1072,55,Other,East,Silver,2021-07-29
CUST-1073,60,Other,East,Gold,2021-09-29
CUST-1074,43,Male,East,Silver,2021-11-20
CUST-1075,66,Male,North,Silver,2022-09-29
CUST-1076,54,Male,North,Bronze,2021-08-07
CUST-1077,50,Female,South,Silver,2023-06-22
CUST-1078,22,Male,East,Silver,2021-06-11
CUST-1079,46,Other,East,Bronze,2023-04-07
CUST-1080,59,Other,North,Bronze,2023-04-17
CUST-1081,53,Female,North,Gold,2021-09-28
CUST-1082,25,Male,South,Silver,2021-10-16
CUST-1083,56,Male,East,Gold,2022-12-05
CUST-1084,58,Female,West,Silver,2023-07-17
CUST-1085,72,Male,North,Bronze,2022-03-10
CUST-1086,71,Female,North,Gold,2021-12-08
CUST-1087,67,Male,East,Gold,2023-01-30
CUST-1088,46,Other,West,Bronze,2021-01-10
CUST-1089,25,Male,South,Bronze,2021-02-06
CUST-1090,71,Female,South,Silver,2021-05-11
CUST-1091,20,Female,East,Gold,2023-07-10
CUST-1092,40,Male,South,Bronze,2021-04-16
CUST-1093,40,Other,West,Bronze,2023-02-07
CUST-1094,27,Male,South,Gold,2023-06-22
CUST-1095,44,Male,South,Bronze,2023-08-05
CUST-1096,39,Female,South,Silver,2021-06-13
CUST-1097,68,Other,North,Silver,2023-06-13
CUST-1098,20,Female,South,Gold,2023-04-17
CUST-1099,47,Female,East,Gold,2021-08-17
CUST-1100,19,Other,South,Silver,2021-12-03
CUST-1101,35,Male,East,Silver,2022-10-19
CUST-1102,50,Female,East,Gold,2021-04-29
CUST-1103,74,Female,South,Bronze,2023-09-13
CUST-1104,34,Male,North,Bronze,2022-03-21
CUST-1105,40,Other,East,Silver,2022-09-13
CUST-1106,50,Male,West,Bronze,2021-07-14
CUST-1107,34,Male,West,Gold,2022-06-17
CUST-1108,69,Other,South,Silver,2022-03-18
CUST-1109,22,Other,East,Bronze,2021-11-18
CUST-1110,60,Male,East,Bronze,2021-11-13
CUST-1111,60,Female,East,Silver,2022-12-15
CUST-1112,36,Other,South,Gold,2022-03-07
CUST-1113,60,Female,South,Bronze,2022-08-06
CUST-1114,37,Female,North,Silver,2021-10-21
CUST-1115,31,Female,East,Silver,2022-03-29
CUST-1116,46,Other,South,Bronze,2022-04-30
CUST-1117,68,Other,South,Bronze,2021-03-28
CUST-1118,36,Other,East,Gold,2023-04-19
CUST-1119,66,Male,East,Gold,2023-04-06
CUST-1120,30,Male,North,Gold,2021-09-08
CUST-1121,48,Other,North,Silver,2022-03-01
CUST-1122,74,Other,South,Bronze,2022-12-15
CUST-1123,42,Female,West,Gold,2021-06-01
CUST-1124,59,Other,North,Gold,2023-03-09
CUST-1125,45,Male,South,Bronze,2022-06-15
CUST-1126,47,Male,South,Gold,2022-04-13
CUST-1127,26,Female,East,Silver,2022-09-20
CUST-1128,70,Other,West,Bronze,2022-04-02
CUST-1129,75,Male,West,Silver,2021-09-23
CUST-1130,66,Male,East,Bronze,2022-05-12
CUST-1131,58,Male,East,Silver,2021-03-21
CUST-1132,63,Female,South,Silver,2021-12-10
CUST-1133,38,Other,North,Gold,2021-06-04
CUST-1134,32,Female,South,Bronze,2021-08-08
CUST-1135,22,Female,West,Silver,2022-07-10
CUST-1136,47,Female,North,Gold,2023-05-03
CUST-1137,44,Female,North,Bronze,2022-01-25
CUST-1138,48,Male,East,Silver,2023-02-11
CUST-1139,42,Female,South,Silver,2021-08-13
CUST-1140,35,Female,West,Gold,2022-02-03
CUST-1141,39,Other,West,Bronze,2021-06-19
CUST-1142,71,Female,South,Bronze,2022-07-01
CUST-1143,19,Female,North,Gold,2022-10-21
CUST-1144,45,Male,West,Gold,2021-02-21
CUST-1145,34,Female,East,Gold,2022-04-11
CUST-1146,38,Female,West,Silver,2023-02-10
CUST-1147,71,Female,East,Gold,2022-04-27
CUST-1148,19,Other,North,Silver,2021-08-18
CUST-1149,59,Male,North,Gold,2023-08-31
CUST-1150,33,Male,North,Bronze,2021-06-06
CUST-1151,33,Male,West,Bronze,2021-04-28
CUST-1152,54,Male,West,Bronze,2021-09-20
CUST-1153,67,Female,South,Bronze,2022-09-14
CUST-1154,65,Other,North,Gold,2023-09-15
CUST-1155,37,Male,North,Silver,2022-08-13
CUST-1156,61,Female,West,Bronze,2021-07-23
CUST-1157,22,Other,South,Gold,2022-12-15
CUST-1158,67,Female,North,Bronze,2023-03-13
CUST-1159,20,Female,West,Bronze,2022-01-15
CUST-1160,22,Other,East,Gold,2023-05-20
CUST-1161,44,Female,North,Silver,2023-09-11
CUST-1162,41,Other,West,Bronze,2021-06-06
CUST-1163,45,Male,East,Bronze,2023-04-08
CUST-1164,52,Female,West,Silver,2023-04-26
CUST-1165,64,Other,East,Silver,2023-05-23
CUST-1166,33,Male,East,Silver,2021-09-07
CUST-1167,66,Female,West,Silver,2021-01-30
CUST-1168,49,Female,South,Silver,2021-08-06
CUST-1169,40,Female,East,Silver,2023-06-21
CUST-1170,56,Other,East,Bronze,2021-01-11
CUST-1171,51,Male,North,Gold,2023-01-08
CUST-1172,44,Female,South,Bronze,2022-05-03
CUST-1173,59,Other,West,Silver,2023-03-23
CUST-1174,19,Male,East,Gold,2022-02-19
CUST-1175,62,Male,East,Bronze,2022-08-19
CUST-1176,41,Female,East,Silver,2023-02-03
CUST-1177,53,Female,East,Bronze,2022-04-10
CUST-1178,35,Female,East,Gold,2021-05-04
CUST-1179,64,Male,East,Gold,2023-01-31
CUST-1180,52,Other,South,Gold,2021-08-10
CUST-1181,65,Female,East,Bronze,2022-08-27
CUST-1182,66,Other,East,Gold,2023-05-03
CUST-1183,30,Female,South,Silver,2021-07-03
CUST-1184,37,Male,South,Silver,2021-02-16
CUST-1185,21,Other,East,Bronze,2023-08-25
CUST-1186,26,Other,West,Gold,2023-06-13
CUST-1187,18,Other,East,Silver,2022-05-06
CUST-1188,46,Female,South,Gold,2021-09-16
CUST-1189,73,Female,North,Gold,2022-02-15
CUST-1190,49,Male,North,Gold,2021-06-02
CUST-1191,69,Other,East,Gold,2021-09-12
CUST-1192,25,Other,West,Bronze,2022-09-03
CUST-1193,68,Other,South,Bronze,2022-01-25
CUST-1194,46,Female,East,Bronze,2022-03-16
CUST-1195,37,Other,North,Bronze,2023-09-11
CUST-1196,65,Male,South,Bronze,2021-08-05
CUST-1197,34,Other,North,Gold,2021-09-03
CUST-1198,29,Other,North,Gold,2021-01-03
CUST-1199,44,Female,West,Silver,2021-02-03
CUST-1200,32,Female,East,Bronze,2023-05-31
CUST-1201,47,Male,South,Silver,2023-03-18
CUST-1202,68,Other,South,Silver,2021-04-28
CUST-1203,52,Male,South,Silver,2023-04-27
CUST-1204,27,Male,North,Gold,2023-03-23
CUST-1205,37,Other,East,Silver,2021-05-08
CUST-1206,47,Other,East,Bronze,2022-02-17
CUST-1207,35,Other,West,Silver,2021-03-24
CUST-1208,56,Male,West,Bronze,2021-11-27
CUST-1209,56,Female,North,Gold,2021-08-23
CUST-1210,61,Other,North,Bronze,2023-04-22
CUST-1211,35,Other,North,Gold,2022-04-27
CUST-1212,51,Other,West,Silver,2021-07-05
CUST-1213,55,Female,West,Gold,2022-04-27
CUST-1214,40,Female,East,Silver,2022-11-18
CUST-1215,24,Male,East,Silver,2022-12-12
CUST-1216,49,Female,West,Bronze,2021-02-07
CUST-1217,47,Male,East,Silver,2021-11-28
CUST-1218,25,Female,North,Bronze,2023-06-10
CUST-1219,52,Female,West,Gold,2021-07-12
CUST-1220,51,Female,West,Bronze,2022-03-29
CUST-1221,66,Male,South,Silver,2022-07-17
CUST-1222,26,Female,West,Bronze,2022-05-12
CUST-1223,25,Male,South,Bronze,2021-06-12
CUST-1224,37,Other,North,Bronze,2022-02-22
CUST-1225,23,Male,North,Silver,2023-08-28
CUST-1226,25,Other,South,Silver,2023-08-14
CUST-1227,63,Female,East,Silver,2023-05-05
CUST-1228,48,Female,South,Silver,2022-07-19
CUST-1229,27,Female,South,Bronze,2022-06-05
CUST-1230,65,Male,North,Silver,2023-03-03
CUST-1231,68,Female,East,Bronze,2021-10-01
CUST-1232,70,Male,East,Bronze,2021-11-02
CUST-1233,71,Other,West,Gold,2022-04-03
CUST-1234,52,Female,East,Silver,2022-07-20
CUST-1235,66,Other,West,Silver,2023-08-14
CUST-1236,38,Male,South,Bronze,2022-01-28
CUST-1237,32,Female,North,Silver,2023-02-02
CUST-1238,48,Other,West,Silver,2022-11-11
CUST-1239,68,Other,South,Silver,2023-09-15
CUST-1240,20,Male,East,Gold,2023-06-15
CUST-1241,72,Female,North,Bronze,2023-07-22
CUST-1242,47,Male,South,Silver,2023-06-11
CUST-1243,59,Male,North,Silver,2023-03-12
CUST-1244,34,Female,West,Bronze,2021-03-24
CUST-1245,72,Female,West,Silver,2022-10-04
CUST-1246,63,Female,North,Bronze,2021-03-12
CUST-1247,33,Other,East,Gold,2023-02-04
CUST-1248,23,Female,North,Bronze,2022-12-22
CUST-1249,73,Male,West,Gold,2022-12-12
CUST-1250,37,Male,North,Silver,2023-03-27
CUST-1251,21,Female,East,Silver,2022-03-18
CUST-1252,27,Male,West,Bronze,2022-11-30
CUST-1253,68,Male,South,Gold,2021-03-22
CUST-1254,57,Female,South,Silver,2023-07-24
CUST-1255,55,Male,South,Silver,2022-10-16
CUST-1256,34,Female,East,Bronze,2021-01-10
CUST-1257,75,Female,East,Bronze,2022-07-14
CUST-1258,28,Male,West,Silver,2022-08-25
CUST-1259,37,Other,West,Bronze,2021-09-14
CUST-1260,47,Female,South,Silver,2023-05-24
CUST-1261,48,Male,South,Silver,2022-08-09
CUST-1262,40,Other,East,Bronze,2021-10-30
CUST-1263,19,Other,West,Silver,2021-01-09
CUST-1264,54,Other,North,Bronze,2023-02-03
CUST-1265,49,Female,South,Bronze,2023-04-02
CUST-1266,40,Male,South,Bronze,2021-09-14
CUST-1267,61,Other,South,Bronze,2021-04-10
CUST-1268,75,Other,North,Silver,2023-03-19
CUST-1269,46,Male,East,Bronze,2021-05-15
CUST-1270,23,Female,East,Bronze,2022-03-02
CUST-1271,29,Male,South,Bronze,2023-06-17
CUST-1272,41,Other,East,Gold,2021-09-21
CUST-1273,70,Female,East,Bronze,2023-06-11
CUST-1274,39,Male,West,Gold,2021-05-25
CUST-1275,66,Male,West,Bronze,2022-01-10
CUST-1276,23,Female,North,Silver,2022-07-04
CUST-1277,25,Female,East,Bronze,2023-02-06
CUST-1278,61,Female,West,Bronze,2023-08-21
CUST-1279,41,Male,South,Silver,2021-01-26
CUST-1280,57,Other,East,Bronze,2021-08-15
CUST-1281,59,Male,West,Bronze,2021-11-06
CUST-1282,59,Female,North,Gold,2021-02-16
CUST-1283,20,Female,West,Gold,2021-04-10
CUST-1284,33,Other,South,Silver,2022-04-10
CUST-1285,41,Other,West,Bronze,2023-01-31
CUST-1286,64,Male,West,Bronze,2021-04-12
CUST-1287,71,Female,West,Silver,2021-02-03
CUST-1288,62,Female,South,Silver,2022-04-01
CUST-1289,33,Female,North,Bronze,2022-01-12
CUST-1290,52,Other,East,Gold,2022-02-12
CUST-1291,35,Male,North,Silver,2021-04-04
CUST-1292,60,Male,North,Gold,2023-03-17
CUST-1293,39,Male,South,Bronze,2021-07-30
CUST-1294,22,Other,South,Bronze,2021-08-10
CUST-1295,70,Male,East,Gold,2023-03-19
CUST-1296,75,Other,North,Silver,2023-05-30
CUST-1297,27,Male,East,Gold,2021-04-23
CUST-1298,60,Male,South,Gold,2022-01-02
CUST-1299,68,Male,East,Gold,2021-06-28
CUST-1300,34,Male,South,Bronze,2022-03-08
CUST-1301,51,Male,North,Silver,2022-04-05
CUST-1302,67,Female,North,Silver,2022-05-31
CUST-1303,32,Other,North,Bronze,2023-03-14
CUST-1304,73,Other,East,Silver,2022-10-21
CUST-1305,19,Male,West,Silver,2022-03-13
CUST-1306,61,Male,West,Bronze,2023-07-21
CUST-1307,46,Male,North,Silver,2022-09-15
CUST-1308,27,Male,South,Silver,2022-10-02
CUST-1309,58,Other,East,Silver,2022-09-04
CUST-1310,51,Female,West,Bronze,2022-09-12
CUST-1311,45,Male,North,Bronze,2022-10-29
CUST-1312,74,Other,South,Silver,2022-04-08
CUST-1313,74,Male,West,Silver,2023-04-28
CUST-1314,47,Female,West,Bronze,2021-04-08
CUST-1315,38,Female,East,Bronze,2021-09-19
CUST-1316,41,Male,West,Gold,2021-04-04
CUST-1317,71,Male,North,Silver,2021-04-09
CUST-1318,65,Other,East,Gold,2022-07-24
CUST-1319,21,Other,East,Bronze,2021-05-06
CUST-1320,44,Female,West,Bronze,2021-02-22
CUST-1321,36,Other,East,Silver,2021-04-17
CUST-1322,54,Other,South,Gold,2022-11-04
CUST-1323,48,Male,North,Silver,2023-05-16
CUST-1324,53,Female,North,Silver,2022-08-11
CUST-1325,32,Female,North,Bronze,2023-08-10
CUST-1326,60,Other,East,Gold,2021-07-04
CUST-1327,35,Other,East,Silver,2021-12-26
CUST-1328,18,Male,South,Bronze,2022-11-05
CUST-1329,43,Male,South,Bronze,2022-10-11
CUST-1330,19,Male,South,Silver,2022-03-06
CUST-1331,47,Female,South,Silver,2021-11-16
CUST-1332,64,Female,North,Gold,2021-06-09
CUST-1333,28,Other,North,Bronze,2021-03-25
CUST-1334,35,Female,West,Silver,2022-09-14
CUST-1335,46,Female,East,Gold,2023-02-13
CUST-1336,50,Male,East,Silver,2021-04-24
CUST-1337,36,Other,West,Bronze,2022-11-15
CUST-1338,37,Male,South,Silver,2022-09-06
CUST-1339,21,Male,South,Silver,2023-08-27
CUST-1340,31,Male,East,Silver,2021-12-02
CUST-1341,25,Male,West,Bronze,2022-03-17
CUST-1342,29,Male,West,Bronze,2022-12-22
CUST-1343,32,Other,East,Gold,2022-02-11
CUST-1344,73,Other,North,Silver,2021-01-20
CUST-1345,47,Male,East,Bronze,2022-03-16
CUST-1346,54,Female,West,Silver,2021-04-28
CUST-1347,43,Male,East,Gold,2023-04-01
CUST-1348,57,Female,East,Gold,2022-03-24
CUST-1349,72,Male,South,Silver,2022-08-27
CUST-1350,43,Other,North,Silver,2023-06-11
CUST-1351,37,Other,East,Gold,2021-12-08
CUST-1352,67,Male,North,Bronze,2022-10-11
CUST-1353,25,Other,South,Silver,2021-12-26
CUST-1354,64,Other,South,Gold,2021-04-16
CUST-1355,27,Female,South,Gold,2022-09-09
CUST-1356,27,Other,North,Gold,2023-09-02
CUST-1357,67,Other,West,Silver,2023-02-12
CUST-1358,54,Other,West,Bronze,2023-08-05
CUST-1359,74,Other,East,Bronze,2021-11-20
CUST-1360,27,Female,North,Silver,2022-03-29
CUST-1361,58,Female,East,Bronze,2021-02-27
CUST-1362,40,Other,North,Silver,2022-04-18
CUST-1363,46,Male,North,Silver,2023-05-02
CUST-1364,36,Male,North,Bronze,2022-09-01
CUST-1365,50,Female,West,Bronze,2022-07-22
CUST-1366,68,Other,North,Silver,2023-07-20
CUST-1367,69,Other,South,Silver,2022-09-12
CUST-1368,48,Other,South,Gold,2022-04-07
CUST-1369,24,Female,North,Bronze,2022-10-24
CUST-1370,29,Male,South,Bronze,2022-03-25
CUST-1371,46,Other,South,Silver,2022-01-17
CUST-1372,36,Female,West,Silver,2022-11-27
CUST-1373,56,Male,East,Gold,2021-12-04
CUST-1374,24,Other,West,Silver,2021-09-16
CUST-1375,64,Other,South,Silver,2021-03-25
CUST-1376,55,Other,South,Silver,2021-11-14
CUST-1377,59,Other,West,Gold,2022-09-02
CUST-1378,63,Male,East,Bronze,2022-01-21
CUST-1379,59,Female,South,Bronze,2022-12-21
CUST-1380,71,Other,North,Bronze,2022-11-18
CUST-1381,45,Other,East,Gold,2022-01-07
CUST-1382,37,Male,South,Silver,2023-08-29
CUST-1383,67,Female,South,Gold,2021-05-21
CUST-1384,27,Male,East,Gold,2022-06-04
CUST-1385,67,Other,North,Bronze,2021-12-11
CUST-1386,74,Other,South,Bronze,2022-01-21
CUST-1387,27,Male,South,Bronze,2023-03-01
CUST-1388,57,Male,West,Gold,2022-02-25
CUST-1389,41,Other,South,Silver,2022-09-18
CUST-1390,36,Other,West,Gold,2022-07-01
CUST-1391,33,Female,West,Gold,2022-01-12
CUST-1392,61,Other,West,Silver,2023-02-27
CUST-1393,36,Female,West,Gold,2023-04-17
CUST-1394,30,Other,South,Silver,2021-02-23
CUST-1395,59,Female,East,Bronze,2023-08-15
CUST-1396,24,Other,North,Silver,2021-03-27
CUST-1397,66,Male,East,Silver,2023-07-17
CUST-1398,50,Male,West,Gold,2023-08-28
CUST-1399,32,Female,East,Gold,2022-03-01
CUST-1400,21,Female,East,Gold,2022-01-31
CUST-1401,23,Female,South,Gold,2021-11-23
CUST-1402,24,Other,East,Gold,2021-05-21
CUST-1403,20,Female,West,Bronze,2023-05-02
CUST-1404,26,Other,West,Silver,2022-09-23
CUST-1405,18,Male,North,Silver,2021-08-09
CUST-1406,71,Male,West,Gold,2023-03-06
CUST-1407,36,Male,East,Gold,2021-02-18
CUST-1408,33,Female,West,Gold,2021-04-24
CUST-1409,71,Female,North,Bronze,2022-06-12
CUST-1410,54,Male,South,Silver,2022-03-16
CUST-1411,18,Other,East,Gold,2022-08-08
CUST-1412,44,Male,North,Bronze,2023-09-26
CUST-1413,41,Male,North,Silver,2023-06-14
CUST-1414,48,Male,West,Silver,2021-09-17
CUST-1415,65,Male,East,Gold,2021-12-20
CUST-1416,33,Other,North,Bronze,2023-01-23
CUST-1417,66,Female,South,Gold,2021-12-27
CUST-1418,52,Female,South,Bronze,2022-04-21
CUST-1419,62,Female,South,Gold,2021-03-06
CUST-1420,63,Female,North,Silver,2021-07-26
CUST-1421,20,Male,North,Silver,2023-08-14
CUST-1422,37,Other,West,Bronze,2022-04-30
CUST-1423,34,Male,South,Silver,2022-01-01
CUST-1424,73,Male,East,Silver,2021-05-08
CUST-1425,69,Female,West,Silver,2023-02-01
CUST-1426,46,Female,East,Gold,2022-05-24
CUST-1427,62,Female,East,Bronze,2021-10-01
CUST-1428,69,Male,West,Gold,2022-03-17
CUST-1429,56,Male,East,Silver,2021-04-16
CUST-1430,23,Female,East,Silver,2022-04-02
CUST-1431,56,Other,West,Gold,2022-12-08
CUST-1432,46,Female,West,Gold,2023-01-15
CUST-1433,73,Female,West,Silver,2022-10-17
CUST-1434,68,Male,North,Bronze,2022-10-15
CUST-1435,43,Female,South,Gold,2021-05-27
CUST-1436,72,Other,West,Gold,2021-05-10
CUST-1437,22,Male,East,Silver,2022-01-28
CUST-1438,54,Male,South,Bronze,2022-04-06
CUST-1439,41,Female,West,Gold,2022-08-11
CUST-1440,26,Other,East,Silver,2021-11-18
CUST-1441,59,Female,South,Gold,2021-01-27
CUST-1442,65,Male,West,Bronze,2022-02-01
CUST-1443,53,Male,East,Silver,2022-12-22
CUST-1444,46,Male,East,Bronze,2023-07-28
CUST-1445,49,Male,North,Gold,2023-05-24
CUST-1446,22,Female,South,Bronze,2022-04-01
CUST-1447,23,Other,East,Bronze,2021-12-22
CUST-1448,63,Male,East,Silver,2023-05-22
CUST-1449,28,Other,South,Silver,2022-06-05
CUST-1450,32,Male,South,Gold,2021-08-31
CUST-1451,68,Female,North,Silver,2022-07-22
CUST-1452,54,Female,West,Bronze,2021-05-13
CUST-1453,57,Male,North,Silver,2022-02-12
CUST-1454,63,Other,West,Bronze,2022-02-25
CUST-1455,67,Female,North,Gold,2023-09-23
CUST-1456,38,Other,North,Silver,2022-04-23
CUST-1457,61,Other,East,Gold,2023-06-19
CUST-1458,71,Other,South,Gold,2022-03-20
CUST-1459,50,Male,North,Bronze,2021-06-06
CUST-1460,37,Male,South,Silver,2023-08-16
CUST-1461,63,Male,East,Bronze,2023-07-06
CUST-1462,36,Male,East,Gold,2022-10-13
CUST-1463,53,Female,South,Bronze,2021-11-07
CUST-1464,57,Other,North,Bronze,2022-10-19
CUST-1465,28,Other,South,Gold,2022-11-06
CUST-1466,57,Other,East,Bronze,2021-02-12
CUST-1467,70,Male,North,Gold,2023-08-30
CUST-1468,59,Other,East,Bronze,2021-08-04
CUST-1469,67,Other,West,Bronze,2022-10-17
CUST-1470,19,Female,East,Bronze,2023-09-07
CUST-1471,37,Female,South,Bronze,2022-02-20
CUST-1472,37,Female,North,Bronze,2021-03-03
CUST-1473,28,Female,West,Silver,2022-04-21
CUST-1474,31,Female,South,Silver,2023-06-02
CUST-1475,63,Female,East,Silver,2021-05-14
CUST-1476,66,Female,North,Silver,2021-09-05
CUST-1477,47,Male,East,Silver,2021-09-11
CUST-1478,27,Male,North,Silver,2023-08-27
CUST-1479,42,Other,West,Gold,2023-09-13
CUST-1480,73,Male,East,Bronze,2023-01-09
CUST-1481,38,Male,South,Silver,2022-06-12
CUST-1482,47,Female,East,Silver,2021-01-24
CUST-1483,23,Female,West,Gold,2021-08-09
CUST-1484,55,Female,North,Gold,2021-10-16
CUST-1485,49,Other,West,Silver,2022-07-04
CUST-1486,18,Male,West,Gold,2023-06-23
CUST-1487,34,Other,East,Silver,2022-01-10
CUST-1488,20,Female,North,Bronze,2022-07-30
CUST-1489,30,Female,East,Gold,2022-01-31
CUST-1490,50,Female,East,Bronze,2022-11-28
CUST-1491,57,Male,South,Gold,2022-02-08
CUST-1492,41,Female,East,Gold,2021-07-23
CUST-1493,56,Other,West,Bronze,2021-02-11
CUST-1494,20,Male,South,Bronze,2021-12-08
CUST-1495,69,Female,West,Gold,2022-09-13
CUST-1496,75,Other,South,Silver,2023-08-12
CUST-1497,57,Female,South,Silver,2022-09-24
CUST-1498,65,Female,East,Bronze,2023-04-29
CUST-1499,50,Other,West,Bronze,2022-07-31
CUST-1500,37,Female,North,Silver,2021-12-06
CUST-1501,61,Male,West,Bronze,2021-11-12
CUST-1502,68,Other,North,Bronze,2022-05-01
CUST-1503,34,Other,South,Bronze,2021-02-22
CUST-1504,55,Female,South,Bronze,2022-10-07
CUST-1505,64,Other,West,Gold,2023-04-22
CUST-1506,61,Male,North,Bronze,2023-08-29
CUST-1507,62,Male,South,Gold,2022-03-28
CUST-1508,38,Female,South,Silver,2022-12-09
CUST-1509,31,Female,West,Bronze,2023-01-15
CUST-1510,21,Other,South,Bronze,2021-08-01
CUST-1511,53,Female,West,Bronze,2022-01-21
CUST-1512,38,Male,West,Bronze,2021-12-17
CUST-1513,52,Female,East,Bronze,2022-05-11
CUST-1514,30,Male,East,Bronze,2021-11-02
CUST-1515,32,Female,East,Bronze,2021-08-01
CUST-1516,62,Other,West,Silver,2022-05-07
CUST-1517,40,Other,East,Silver,2021-05-05
CUST-1518,54,Other,West,Silver,2023-04-19
CUST-1519,40,Male,East,Gold,2021-10-22
CUST-1520,63,Male,East,Silver,2022-11-03
CUST-1521,34,Other,West,Gold,2021-07-26
CUST-1522,70,Other,East,Bronze,2022-12-14
CUST-1523,35,Male,North,Bronze,2023-01-29
CUST-1524,55,Male,South,Gold,2022-11-17
CUST-1525,75,Other,South,Bronze,2021-08-27
CUST-1526,21,Male,West,Silver,2023-01-05
CUST-1527,48,Male,South,Gold,2023-09-15
CUST-1528,53,Male,West,Bronze,2023-08-16
CUST-1529,74,Female,West,Bronze,2021-07-24
CUST-1530,66,Female,East,Silver,2022-10-24
CUST-1531,21,Male,South,Bronze,2023-01-27
CUST-1532,64,Male,South,Silver,2023-06-23
CUST-1533,71,Male,North,Silver,2023-03-18
CUST-1534,49,Male,East,Gold,2021-01-10
CUST-1535,37,Other,North,Silver,2021-10-19
CUST-1536,47,Other,West,Gold,2023-05-22
CUST-1537,50,Female,East,Gold,2023-04-09
CUST-1538,25,Female,South,Bronze,2022-04-15
CUST-1539,59,Female,South,Gold,2023-01-25
CUST-1540,39,Female,South,Gold,2022-09-18
CUST-1541,72,Other,West,Silver,2022-06-12
CUST-1542,38,Male,West,Bronze,2021-04-08
CUST-1543,29,Male,West,Silver,2023-08-17
CUST-1544,33,Male,East,Silver,2021-08-30
CUST-1545,46,Female,East,Silver,2022-08-20
CUST-1546,64,Other,North,Silver,2022-11-01
CUST-1547,41,Other,South,Gold,2022-11-15
CUST-1548,25,Female,East,Gold,2022-02-20
CUST-1549,61,Other,East,Bronze,2021-05-01
CUST-1550,58,Female,East,Bronze,2021-08-15
CUST-1551,32,Male,West,Gold,2022-04-11
CUST-1552,65,Other,East,Silver,2022-12-20
CUST-1553,53,Female,South,Gold,2022-11-28
CUST-1554,66,Other,North,Bronze,2022-04-03
CUST-1555,51,Other,East,Gold,2023-07-29
CUST-1556,54,Male,North,Bronze,2023-07-14
CUST-1557,50,Male,South,Gold,2021-12-02
CUST-1558,72,Other,West,Gold,2022-11-28
CUST-1559,31,Other,West,Gold,2023-07-10
CUST-1560,50,Female,North,Silver,2021-05-16
CUST-1561,50,Female,West,Bronze,2021-03-01
CUST-1562,53,Female,East,Bronze,2021-01-23
CUST-1563,43,Female,North,Bronze,2021-08-12
CUST-1564,55,Male,North,Silver,2021-12-19
CUST-1565,62,Male,North,Gold,2023-08-15
CUST-1566,48,Male,East,Silver,2021-07-04
CUST-1567,67,Male,West,Silver,2023-07-02
CUST-1568,42,Female,West,Silver,2021-03-24
CUST-1569,61,Other,South,Bronze,2023-05-31
CUST-1570,40,Male,South,Bronze,2022-02-07
CUST-1571,51,Male,South,Gold,2023-02-14
CUST-1572,19,Female,West,Bronze,2023-01-07
CUST-1573,52,Female,West,Gold,2021-09-11
CUST-1574,47,Female,South,Silver,2021-07-13
CUST-1575,74,Other,North,Gold,2023-04-09
CUST-1576,60,Female,North,Gold,2021-07-31
CUST-1577,22,Male,North,Silver,2022-09-05
CUST-1578,61,Other,North,Gold,2023-01-29
CUST-1579,20,Female,West,Gold,2022-07-07
CUST-1580,31,Male,South,Bronze,2021-10-24
CUST-1581,32,Other,East,Bronze,2022-09-05
CUST-1582,67,Other,East,Gold,2021-11-06
CUST-1583,74,Male,South,Silver,2021-11-04
CUST-1584,35,Male,South,Bronze,2022-11-27
CUST-1585,45,Other,West,Gold,2023-09-23
CUST-1586,40,Other,West,Bronze,2021-11-23
CUST-1587,62,Female,West,Gold,2021-11-04
CUST-1588,42,Male,West,Gold,2023-05-20
CUST-1589,32,Female,South,Silver,2023-07-26
CUST-1590,21,Other,West,Silver,2022-07-25
CUST-1591,51,Male,West,Gold,2021-09-19
CUST-1592,31,Female,North,Silver,2023-05-18
CUST-1593,41,Male,South,Gold,2021-10-02
CUST-1594,42,Other,North,Gold,2021-07-12
CUST-1595,69,Other,South,Silver,2021-08-02
CUST-1596,73,Female,East,Gold,2021-08-05
CUST-1597,30,Other,North,Bronze,2023-02-12
CUST-1598,48,Male,South,Silver,2023-07-27
CUST-1599,33,Other,East,Silver,2022-01-25
CUST-1600,47,Other,East,Silver,2021-09-25
CUST-1601,41,Other,West,Silver,2021-04-11
CUST-1602,69,Other,West,Silver,2023-07-26
CUST-1603,31,Female,East,Silver,2021-02-16
CUST-1604,54,Male,South,Gold,2021-09-25
CUST-1605,53,Other,West,Silver,2021-06-06
CUST-1606,30,Female,South,Silver,2022-08-07
CUST-1607,71,Male,West,Bronze,2022-11-02
CUST-1608,61,Female,East,Silver,2023-09-17
CUST-1609,64,Other,West,Silver,2021-06-22
CUST-1610,64,Female,South,Gold,2023-01-08
CUST-1611,52,Female,South,Bronze,2022-10-20
CUST-1612,21,Other,North,Gold,2023-08-26
CUST-1613,70,Other,North,Gold,2022-02-27
CUST-1614,26,Other,South,Gold,2022-12-26
CUST-1615,27,Male,South,Bronze,2022-04-12
CUST-1616,41,Male,West,Bronze,2022-05-15
CUST-1617,19,Male,West,Gold,2021-01-18
CUST-1618,51,Other,East,Bronze,2023-09-28
CUST-1619,36,Male,West,Gold,2021-04-20
CUST-1620,24,Other,South,Gold,2021-07-16
CUST-1621,57,Other,East,Silver,2021-10-01
CUST-1622,68,Female,North,Silver,2023-09-10
CUST-1623,43,Female,South,Bronze,2021-08-20
CUST-1624,37,Other,North,Bronze,2023-05-29
CUST-1625,59,Male,North,Silver,2022-01-24
CUST-1626,42,Other,West,Gold,2022-10-15
CUST-1627,18,Other,South,Gold,2022-05-27
CUST-1628,72,Female,East,Bronze,2023-09-28
CUST-1629,72,Male,North,Gold,2021-08-05
CUST-1630,75,Other,West,Silver,2021-02-17
CUST-1631,22,Other,East,Bronze,2022-08-01
CUST-1632,60,Male,South,Silver,2021-01-17
CUST-1633,31,Other,South,Bronze,2023-04-21
CUST-1634,43,Male,East,Gold,2022-08-01
CUST-1635,33,Other,West,Bronze,2023-07-08
CUST-1636,52,Female,West,Bronze,2021-05-24
CUST-1637,68,Other,North,Bronze,2023-02-03
CUST-1638,40,Male,North,Silver,2021-08-26
CUST-1639,71,Male,East,Bronze,2023-02-27
CUST-1640,57,Other,West,Silver,2021-01-31
CUST-1641,58,Female,West,Silver,2021-08-22
CUST-1642,40,Other,West,Silver,2021-07-10
CUST-1643,61,Other,West,Gold,2023-03-02
CUST-1644,57,Female,South,Bronze,2021-03-17
CUST-1645,23,Female,South,Silver,2022-12-30
CUST-1646,68,Other,South,Bronze,2022-02-03
CUST-1647,38,Female,North,Gold,2021-01-06
CUST-1648,37,Female,East,Silver,2021-04-15
CUST-1649,26,Male,South,Silver,2022-04-05
CUST-1650,53,Other,West,Gold,2021-01-27
CUST-1651,23,Female,North,Bronze,2022-09-05
CUST-1652,68,Female,West,Gold,2021-10-26
CUST-1653,44,Female,North,Bronze,2023-07-12
CUST-1654,53,Male,South,Bronze,2022-01-25
CUST-1655,28,Male,East,Silver,2021-10-02
CUST-1656,49,Male,North,Gold,2022-03-22
CUST-1657,35,Female,East,Silver,2023-03-13
CUST-1658,22,Female,East,Gold,2023-01-09
CUST-1659,58,Female,South,Silver,2021-04-20
CUST-1660,26,Female,North,Silver,2021-12-07
CUST-1661,71,Other,West,Silver,2022-03-27
CUST-1662,39,Female,South,Silver,2021-11-25
CUST-1663,56,Other,South,Silver,2021-11-18
CUST-1664,29,Female,East,Silver,2023-01-23
CUST-1665,62,Other,West,Bronze,2023-03-12
CUST-1666,33,Female,West,Silver,2023-04-17
CUST-1667,68,Female,East,Gold,2023-08-13
CUST-1668,54,Male,South,Bronze,2023-02-26
CUST-1669,53,Male,West,Bronze,2021-08-03
CUST-1670,46,Female,North,Silver,2022-11-21
CUST-1671,49,Male,East,Gold,2021-09-16
CUST-1672,60,Male,West,Silver,2021-03-17
CUST-1673,46,Other,West,Bronze,2022-02-15
CUST-1674,52,Other,West,Bronze,2021-02-07
CUST-1675,68,Female,North,Gold,2023-02-27
CUST-1676,33,Other,East,Gold,2022-10-25
CUST-1677,57,Male,West,Silver,2023-09-16
CUST-1678,68,Female,North,Gold,2021-04-11
CUST-1679,34,Male,South,Silver,2022-01-19
CUST-1680,43,Female,South,Silver,2021-01-26
CUST-1681,48,Male,East,Silver,2023-08-01
CUST-1682,23,Male,South,Silver,2021-11-16
CUST-1683,39,Female,South,Bronze,2022-05-10
CUST-1684,40,Female,North,Silver,2023-01-10
CUST-1685,62,Female,East,Gold,2021-11-04
CUST-1686,20,Other,North,Gold,2023-05-20
CUST-1687,39,Other,North,Bronze,2023-03-31
CUST-1688,28,Other,South,Bronze,2021-06-28
CUST-1689,53,Male,East,Bronze,2022-03-13
CUST-1690,47,Male,West,Bronze,2021-07-08
CUST-1691,29,Other,West,Silver,2021-01-30
CUST-1692,65,Other,South,Silver,2022-08-30
CUST-1693,45,Female,North,Bronze,2021-08-08
CUST-1694,31,Female,North,Bronze,2021-04-15
CUST-1695,69,Other,South,Silver,2021-11-30
CUST-1696,30,Female,North,Silver,2022-11-18
CUST-1697,73,Female,East,Bronze,2022-02-02
CUST-1698,57,Female,North,Silver,2021-12-27
CUST-1699,72,Female,South,Bronze,2022-12-24
CUST-1700,69,Female,North,Bronze,2021-05-18
CUST-1701,38,Male,South,Silver,2021-04-30
CUST-1702,29,Female,South,Bronze,2022-02-02
CUST-1703,44,Other,South,Bronze,2022-01-28
CUST-1704,45,Male,West,Bronze,2022-07-05
CUST-1705,62,Other,South,Bronze,2021-06-20
CUST-1706,49,Female,South,Gold,2021-11-19
CUST-1707,71,Female,North,Silver,2023-09-02
CUST-1708,18,Female,South,Gold,2023-04-15
CUST-1709,42,Other,West,Silver,2022-12-03
CUST-1710,49,Female,West,Silver,2021-06-21
CUST-1711,23,Other,North,Gold,2021-10-27
CUST-1712,20,Female,South,Bronze,2021-10-23
CUST-1713,28,Female,West,Bronze,2022-06-08
CUST-1714,25,Other,North,Silver,2023-03-05
CUST-1715,52,Female,North,Bronze,2022-03-28
CUST-1716,52,Male,West,Gold,2023-01-24
CUST-1717,71,Other,South,Silver,2023-06-15
CUST-1718,20,Female,East,Silver,2023-06-02
CUST-1719,70,Male,West,Gold,2023-03-06
CUST-1720,69,Male,South,Bronze,2022-08-26
CUST-1721,62,Female,West,Gold,2022-09-23
CUST-1722,26,Male,South,Gold,2022-08-07
CUST-1723,40,Other,East,Bronze,2022-07-06
CUST-1724,28,Female,East,Silver,2022-08-10
CUST-1725,35,Other,North,Gold,2023-09-13
CUST-1726,66,Female,North,Silver,2023-06-07
CUST-1727,59,Male,South,Gold,2021-05-30
CUST-1728,63,Female,South,Bronze,2022-02-07
CUST-1729,49,Male,East,Bronze,2022-03-01
CUST-1730,42,Female,North,Bronze,2023-03-25
CUST-1731,74,Male,West,Bronze,2023-02-07
CUST-1732,35,Other,East,Silver,2023-09-01
CUST-1733,49,Female,North,Bronze,2021-04-06
CUST-1734,64,Female,East,Gold,2023-03-26
CUST-1735,52,Female,South,Silver,2023-04-25
CUST-1736,31,Female,East,Silver,2023-04-29
CUST-1737,36,Female,South,Bronze,2023-05-23
CUST-1738,49,Female,North,Gold,2021-04-12
CUST-1739,58,Female,North,Gold,2023-08-10
CUST-1740,72,Male,West,Silver,2021-01-01
CUST-1741,45,Male,South,Bronze,2021-11-06
CUST-1742,28,Female,North,Bronze,2022-01-05
CUST-1743,34,Male,East,Bronze,2023-07-15
CUST-1744,59,Male,North,Silver,2022-10-03
CUST-1745,37,Other,South,Silver,2022-11-03
CUST-1746,23,Other,North,Gold,2021-08-07
CUST-1747,48,Male,South,Bronze,2021-08-20
CUST-1748,51,Other,West,Gold,2021-01-09
CUST-1749,62,Female,North,Silver,2022-12-12
CUST-1750,26,Female,North,Gold,2022-01-28
CUST-1751,23,Other,North,Gold,2021-11-17
CUST-1752,41,Female,South,Silver,2023-03-04
CUST-1753,70,Male,South,Gold,2022-06-28
CUST-1754,54,Male,South,Silver,2021-12-26
CUST-1755,64,Male,South,Silver,2022-09-23
CUST-1756,61,Female,South,Gold,2023-07-08
CUST-1757,24,Male,North,Bronze,2023-01-18
CUST-1758,42,Female,West,Silver,2023-03-22
CUST-1759,26,Male,East,Bronze,2021-03-28
CUST-1760,33,Other,East,Bronze,2021-01-28
CUST-1761,72,Other,East,Gold,2022-06-15
CUST-1762,56,Other,South,Bronze,2022-02-06
CUST-1763,36,Other,North,Gold,2022-05-22
CUST-1764,42,Male,South,Silver,2022-10-16
CUST-1765,56,Male,North,Silver,2023-08-15
CUST-1766,38,Male,West,Bronze,2022-03-07
CUST-1767,41,Other,South,Silver,2023-09-05
CUST-1768,67,Male,North,Bronze,2021-03-11
CUST-1769,18,Female,South,Gold,2023-08-03
CUST-1770,21,Female,East,Bronze,2022-12-31
CUST-1771,50,Female,West,Bronze,2022-02-16
CUST-1772,23,Other,South,Silver,2021-03-27
CUST-1773,37,Male,South,Gold,2022-07-04
CUST-1774,38,Female,North,Silver,2022-12-17
CUST-1775,45,Other,South,Gold,2021-09-08
CUST-1776,23,Female,North,Silver,2022-09-19
CUST-1777,56,Male,East,Bronze,2023-01-30
CUST-1778,60,Other,South,Gold,2021-01-13
CUST-1779,63,Male,North,Gold,2022-05-24
CUST-1780,40,Other,East,Gold,2022-01-16
CUST-1781,26,Other,East,Bronze,2023-06-27
CUST-1782,25,Male,East,Silver,2021-10-06
CUST-1783,51,Male,East,Bronze,2023-09-26
CUST-1784,54,Other,North,Silver,2022-04-12
CUST-1785,50,Female,North,Silver,2023-05-30
CUST-1786,54,Male,East,Gold,2021-09-19
CUST-1787,67,Male,North,Gold,2023-01-29
CUST-1788,50,Male,North,Gold,2021-09-08
CUST-1789,20,Female,East,Silver,2023-08-01
CUST-1790,27,Male,North,Bronze,2023-04-03
CUST-1791,63,Other,West,Gold,2021-11-26
CUST-1792,33,Female,East,Silver,2023-04-26
CUST-1793,22,Other,East,Gold,2022-05-30
CUST-1794,61,Male,South,Gold,2023-04-04
CUST-1795,51,Male,West,Gold,2023-06-18
CUST-1796,47,Female,East,Silver,2021-03-30
CUST-1797,53,Female,North,Silver,2021-07-25
CUST-1798,36,Other,East,Bronze,2022-09-30
CUST-1799,33,Female,East,Bronze,2023-09-23
CUST-1800,49,Male,South,Gold,2021-01-07
CUST-1801,44,Male,South,Bronze,2021-12-21
CUST-1802,58,Other,North,Silver,2021-01-02
CUST-1803,66,Other,West,Bronze,2023-01-15
CUST-1804,37,Male,South,Bronze,2021-09-01
CUST-1805,44,Female,North,Gold,2022-12-30
CUST-1806,35,Male,North,Gold,2023-07-08
CUST-1807,72,Other,West,Bronze,2023-07-07
CUST-1808,41,Female,North,Bronze,2021-04-08
CUST-1809,50,Male,West,Gold,2022-08-30
CUST-1810,54,Male,West,Bronze,2023-09-15
CUST-1811,26,Male,East,Silver,2023-05-22
CUST-1812,38,Female,East,Silver,2022-04-09
CUST-1813,35,Male,North,Gold,2021-05-20
CUST-1814,67,Other,North,Gold,2021-04-19
CUST-1815,28,Female,West,Silver,2022-02-21
CUST-1816,25,Other,East,Gold,2022-04-08
CUST-1817,37,Female,East,Gold,2021-04-03
CUST-1818,28,Other,East,Bronze,2022-12-15
CUST-1819,56,Male,South,Silver,2021-06-01
CUST-1820,23,Other,South,Silver,2022-02-10
CUST-1821,50,Male,East,Silver,2023-04-20
CUST-1822,29,Male,West,Silver,2022-07-24
CUST-1823,65,Other,South,Gold,2022-04-19
CUST-1824,24,Male,North,Gold,2021-03-05
CUST-1825,71,Male,South,Gold,2023-04-24
CUST-1826,43,Female,North,Bronze,2022-08-24
CUST-1827,34,Male,North,Gold,2021-07-22
CUST-1828,75,Other,West,Gold,2021-04-05
CUST-1829,75,Female,North,Gold,2023-08-23
CUST-1830,47,Male,South,Bronze,2022-03-20
CUST-1831,70,Other,West,Silver,2021-01-31
CUST-1832,42,Other,West,Gold,2021-12-29
CUST-1833,31,Male,East,Silver,2022-04-02
CUST-1834,74,Male,North,Bronze,2022-09-27
CUST-1835,57,Male,East,Silver,2022-02-26
CUST-1836,74,Other,West,Gold,2021-03-31
CUST-1837,35,Female,South,Silver,2021-07-24
CUST-1838,59,Other,South,Bronze,2023-04-02
CUST-1839,52,Male,West,Bronze,2022-01-03
CUST-1840,48,Other,West,Silver,2023-07-24
CUST-1841,54,Other,East,Silver,2021-10-04
CUST-1842,29,Male,East,Bronze,2021-08-13
CUST-1843,19,Female,North,Silver,2022-06-27
CUST-1844,40,Other,South,Gold,2021-04-13
CUST-1845,33,Other,South,Silver,2022-07-01
CUST-1846,70,Other,North,Gold,2022-08-13
CUST-1847,72,Female,East,Gold,2021-06-30
CUST-1848,33,Other,East,Bronze,2022-12-16
CUST-1849,40,Other,North,Bronze,2022-12-19
CUST-1850,40,Other,South,Bronze,2023-08-30
CUST-1851,30,Female,East,Gold,2022-05-18
CUST-1852,20,Male,North,Gold,2022-09-09
CUST-1853,32,Male,West,Gold,2021-12-06
CUST-1854,57,Male,South,Silver,2023-01-05
CUST-1855,29,Female,North,Gold,2021-06-01
CUST-1856,55,Other,South,Gold,2023-05-17
CUST-1857,51,Female,North,Silver,2022-12-23
CUST-1858,60,Female,North,Silver,2021-11-06
CUST-1859,38,Male,South,Bronze,2023-08-30
CUST-1860,45,Other,West,Bronze,2021-11-21
CUST-1861,29,Other,East,Gold,2022-11-13
CUST-1862,55,Male,West,Silver,2023-01-22
CUST-1863,62,Female,South,Gold,2023-01-17
CUST-1864,18,Other,West,Bronze,2021-02-03
CUST-1865,29,Other,East,Bronze,2021-08-15
CUST-1866,58,Other,North,Silver,2021-05-25
CUST-1867,39,Other,North,Gold,2021-12-22
CUST-1868,38,Male,North,Bronze,2022-11-18
CUST-1869,58,Other,East,Silver,2021-01-12
CUST-1870,34,Male,South,Bronze,2021-03-11
CUST-1871,40,Female,North,Bronze,2021-01-02
CUST-1872,21,Female,West,Bronze,2022-03-06
CUST-1873,28,Female,West,Silver,2021-12-26
CUST-1874,52,Female,North,Silver,2023-03-19
CUST-1875,73,Other,South,Gold,2022-04-08
CUST-1876,22,Male,East,Gold,2021-11-23
CUST-1877,34,Male,North,Silver,2021-06-24
CUST-1878,74,Female,South,Bronze,2021-03-18
CUST-1879,53,Male,East,Bronze,2022-09-21
CUST-1880,75,Female,North,Silver,2023-08-24
CUST-1881,59,Male,West,Gold,2021-02-24
CUST-1882,24,Female,South,Gold,2022-02-24
CUST-1883,62,Other,East,Bronze,2021-10-16
CUST-1884,37,Male,North,Gold,2022-02-07
CUST-1885,54,Other,West,Gold,2021-02-25
CUST-1886,41,Male,West,Gold,2021-10-29
CUST-1887,70,Other,West,Gold,2021-04-10
CUST-1888,19,Male,South,Bronze,2021-10-26
CUST-1889,23,Female,North,Silver,2023-03-15
CUST-1890,43,Female,West,Bronze,2021-09-29
CUST-1891,23,Other,West,Gold,2022-01-15
CUST-1892,74,Female,East,Gold,2022-04-02
CUST-1893,20,Female,West,Silver,2021-09-27
CUST-1894,32,Female,North,Gold,2023-02-10
CUST-1895,62,Other,North,Gold,2022-11-16
CUST-1896,40,Other,West,Bronze,2021-08-21
CUST-1897,53,Male,West,Bronze,2022-03-05
CUST-1898,52,Other,West,Bronze,2023-06-22
CUST-1899,33,Female,East,Gold,2022-02-09
CUST-1900,75,Other,North,Bronze,2022-08-08
CUST-1901,75,Other,South,Gold,2023-08-31
CUST-1902,66,Female,South,Gold,2023-09-23
CUST-1903,31,Male,South,Gold,2022-03-10
CUST-1904,23,Other,West,Gold,2023-04-23
CUST-1905,58,Male,East,Silver,2023-07-22
CUST-1906,64,Male,North,Silver,2022-07-24
CUST-1907,43,Other,East,Silver,2022-06-17
CUST-1908,47,Male,West,Gold,2022-03-01
CUST-1909,27,Male,North,Gold,2022-07-31
CUST-1910,67,Male,East,Bronze,2023-06-21
CUST-1911,40,Female,East,Silver,2022-11-02
CUST-1912,49,Other,West,Gold,2021-06-26
CUST-1913,35,Female,South,Bronze,2022-09-16
CUST-1914,61,Other,West,Gold,2022-02-10
CUST-1915,74,Female,South,Gold,2023-02-03
CUST-1916,48,Female,East,Gold,2021-12-12
CUST-1917,70,Female,East,Silver,2023-05-14
CUST-1918,49,Other,North,Gold,2021-05-18
CUST-1919,37,Other,West,Silver,2021-10-03
CUST-1920,64,Female,North,Gold,2022-03-29
CUST-1921,31,Female,West,Bronze,2023-06-08
CUST-1922,41,Male,South,Gold,2021-11-15
CUST-1923,63,Other,West,Gold,2023-03-11
CUST-1924,72,Other,North,Gold,2021-07-17
CUST-1925,74,Male,North,Gold,2021-02-03
CUST-1926,47,Male,East,Bronze,2021-07-23
CUST-1927,35,Female,West,Bronze,2022-02-11
CUST-1928,58,Male,North,Gold,2022-01-17
CUST-1929,49,Other,West,Gold,2023-09-11
CUST-1930,73,Female,East,Silver,2021-06-17
CUST-1931,71,Female,North,Silver,2021-01-29
CUST-1932,42,Male,South,Bronze,2023-03-10
CUST-1933,31,Male,South,Bronze,2021-07-31
CUST-1934,35,Other,West,Bronze,2021-01-21
CUST-1935,73,Other,North,Silver,2023-07-23
CUST-1936,26,Other,South,Bronze,2023-04-01
CUST-1937,18,Male,East,Bronze,2023-04-05
CUST-1938,37,Other,East,Silver,2023-07-06
CUST-1939,42,Female,West,Silver,2021-08-12
CUST-1940,47,Female,West,Bronze,2021-04-15
CUST-1941,18,Other,East,Bronze,2022-10-25
CUST-1942,56,Other,East,Silver,2022-12-02
CUST-1943,24,Female,North,Silver,2021-10-11
CUST-1944,58,Female,East,Silver,2022-11-03
CUST-1945,63,Other,East,Gold,2021-06-03
CUST-1946,51,Male,North,Bronze,2022-02-18
CUST-1947,60,Female,South,Bronze,2021-01-27
CUST-1948,59,Female,East,Silver,2023-07-18
CUST-1949,44,Female,West,Bronze,2021-02-06
CUST-1950,55,Other,South,Silver,2023-01-14
CUST-1951,63,Male,West,Bronze,2022-01-03
CUST-1952,50,Female,South,Bronze,2023-06-17
CUST-1953,53,Male,East,Gold,2022-04-28
CUST-1954,26,Other,East,Bronze,2023-04-08
CUST-1955,53,Male,East,Bronze,2021-04-02
CUST-1956,32,Female,South,Bronze,2023-06-12
CUST-1957,37,Female,East,Silver,2021-09-24
CUST-1958,55,Female,West,Gold,2022-04-27
CUST-1959,21,Other,North,Silver,2023-06-30
CUST-1960,30,Other,North,Bronze,2022-01-26
CUST-1961,51,Female,West,Gold,2023-06-11
CUST-1962,72,Male,South,Gold,2021-12-17
CUST-1963,44,Other,West,Gold,2021-11-20
CUST-1964,73,Other,South,Gold,2022-05-15
CUST-1965,39,Other,South,Silver,2022-10-12
CUST-1966,21,Male,West,Silver,2021-08-03
CUST-1967,66,Male,South,Silver,2023-03-16
CUST-1968,66,Male,South,Bronze,2022-03-21
CUST-1969,58,Female,West,Silver,2023-09-16
CUST-1970,48,Female,North,Gold,2022-07-01
CUST-1971,30,Other,East,Gold,2023-07-03
CUST-1972,38,Other,South,Gold,2022-11-24
CUST-1973,18,Other,South,Gold,2022-12-12
CUST-1974,74,Female,East,Gold,2021-04-16
CUST-1975,42,Other,East,Gold,2021-03-08
CUST-1976,70,Male,East,Silver,2022-04-12
CUST-1977,64,Other,East,Silver,2023-06-29
CUST-1978,61,Male,East,Silver,2022-01-03
CUST-1979,66,Male,South,Silver,2021-01-20
CUST-1980,32,Male,South,Gold,2023-01-22
CUST-1981,19,Other,South,Gold,2022-01-11
CUST-1982,63,Other,North,Silver,2023-06-17
CUST-1983,58,Female,North,Bronze,2021-02-19
CUST-1984,60,Male,North,Gold,2022-12-08
CUST-1985,25,Female,West,Silver,2021-05-07
CUST-1986,53,Female,West,Bronze,2021-06-06
CUST-1987,31,Other,North,Silver,2022-03-07
CUST-1988,60,Male,East,Bronze,2022-09-13
CUST-1989,62,Male,West,Gold,2022-06-08
CUST-1990,64,Other,North,Silver,2021-04-27
CUST-1991,68,Male,West,Gold,2022-09-16
CUST-1992,30,Female,South,Silver,2022-12-22
CUST-1993,44,Female,South,Gold,2022-07-16
CUST-1994,49,Male,West,Silver,2021-08-29
CUST-1995,18,Male,North,Gold,2023-05-06
CUST-1996,54,Other,West,Gold,2023-08-31
CUST-1997,23,Other,North,Bronze,2023-01-11
CUST-1998,24,Female,South,Silver,2023-09-28
CUST-1999,36,Female,West,Gold,2021-04-13
